Organism_Name,Month,FY,Total_Specimens,CO_Specimens,HO_Specimens,Mon_Pop,Mon_Total_Pop_Rate,Mon_HO_Pop_Rate,Mon_Adm,Mon_Total_Adm_Rate,Mon_HO_Adm_Rate
C. difficile,Apr,2020/21,58,31,27,260513.91781,22.26,10.36,18966,3.06,1.42
E. coli bacteraemia,Apr,2020/21,119,96,23,260513.91781,45.68,8.83,18966,6.27,1.21
Gram negative bacteraemia,Apr,2020/21,170,124,46,260513.91781,65.26,17.66,18966,8.96,2.43
Klebsiella sp bacteraemia,Apr,2020/21,40,20,20,260513.91781,15.35,7.68,18966,2.11,1.05
MRSA bacteraemia,Apr,2020/21,4,4,0,260513.91781,1.54,0.0,18966,0.21,0.0
MSSA bacteraemia,Apr,2020/21,52,38,14,260513.91781,19.96,5.37,18966,2.74,0.74
P. aeruginosa bacteraemia,Apr,2020/21,11,8,3,260513.91781,4.22,1.15,18966,0.58,0.16
S. aureus bacteraemia,Apr,2020/21,56,42,14,260513.91781,21.5,5.37,18966,2.95,0.74
C. difficile,Apr,2021/22,75,34,41,255239.17808,29.38,16.06,33768,2.22,1.21
E. coli bacteraemia,Apr,2021/22,203,154,49,255239.17808,79.53,19.2,33768,6.01,1.45
Gram negative bacteraemia,Apr,2021/22,262,187,75,255239.17808,102.65,29.38,33768,7.76,2.22
Klebsiella sp bacteraemia,Apr,2021/22,38,21,17,255239.17808,14.89,6.66,33768,1.13,0.5
MRSA bacteraemia,Apr,2021/22,3,2,1,255239.17808,1.18,0.39,33768,0.09,0.03
MSSA bacteraemia,Apr,2021/22,66,49,17,255239.17808,25.86,6.66,33768,1.95,0.5
P. aeruginosa bacteraemia,Apr,2021/22,21,12,9,255239.17808,8.23,3.53,33768,0.62,0.27
S. aureus bacteraemia,Apr,2021/22,69,51,18,255239.17808,27.03,7.05,33768,2.04,0.53
C. difficile,Apr,2022/23,85,42,43,257395.06849,33.02,16.71,31480,2.7,1.37
E. coli bacteraemia,Apr,2022/23,186,143,43,257395.06849,72.26,16.71,31480,5.91,1.37
Gram negative bacteraemia,Apr,2022/23,237,172,65,257395.06849,92.08,25.25,31480,7.53,2.06
Klebsiella sp bacteraemia,Apr,2022/23,40,23,17,257395.06849,15.54,6.6,31480,1.27,0.54
MRSA bacteraemia,Apr,2022/23,3,2,1,257395.06849,1.17,0.39,31480,0.1,0.03
MSSA bacteraemia,Apr,2022/23,71,53,18,257395.06849,27.58,6.99,31480,2.26,0.57
P. aeruginosa bacteraemia,Apr,2022/23,11,6,5,257395.06849,4.27,1.94,31480,0.35,0.16
S. aureus bacteraemia,Apr,2022/23,74,55,19,257395.06849,28.75,7.38,31480,2.35,0.6
C. difficile,Apr,2023/24,86,52,34,260087.99999,33.07,13.07,33906,2.54,1.0
E. coli bacteraemia,Apr,2023/24,181,121,60,260087.99999,69.59,23.07,33906,5.34,1.77
Gram negative bacteraemia,Apr,2023/24,254,165,89,260087.99999,97.66,34.22,33906,7.49,2.62
Klebsiella sp bacteraemia,Apr,2023/24,62,36,26,260087.99999,23.84,10.0,33906,1.83,0.77
MRSA bacteraemia,Apr,2023/24,1,1,0,260087.99999,0.38,0.0,33906,0.03,0.0
MSSA bacteraemia,Apr,2023/24,61,46,15,260087.99999,23.45,5.77,33906,1.8,0.44
P. aeruginosa bacteraemia,Apr,2023/24,11,8,3,260087.99999,4.23,1.15,33906,0.32,0.09
S. aureus bacteraemia,Apr,2023/24,62,47,15,260087.99999,23.84,5.77,33906,1.83,0.44
C. difficile,Apr,2024/25,124,61,63,259377.37705,47.81,24.29,38810,3.2,1.62
E. coli bacteraemia,Apr,2024/25,179,131,48,259377.37705,69.01,18.51,38810,4.61,1.24
Gram negative bacteraemia,Apr,2024/25,248,186,62,259377.37705,95.61,23.9,38810,6.39,1.6
Klebsiella sp bacteraemia,Apr,2024/25,60,49,11,259377.37705,23.13,4.24,38810,1.55,0.28
MRSA bacteraemia,Apr,2024/25,3,2,1,259377.37705,1.16,0.39,38810,0.08,0.03
MSSA bacteraemia,Apr,2024/25,77,45,32,259377.37705,29.69,12.34,38810,1.98,0.82
P. aeruginosa bacteraemia,Apr,2024/25,9,6,3,259377.37705,3.47,1.16,38810,0.23,0.08
S. aureus bacteraemia,Apr,2024/25,80,47,33,259377.37705,30.84,12.72,38810,2.06,0.85
C. difficile,Apr,2025/26,107,55,52,260087.99999,41.14,19.99,37129,2.88,1.4
E. coli bacteraemia,Apr,2025/26,167,130,37,260087.99999,64.21,14.23,37129,4.5,1.0
Gram negative bacteraemia,Apr,2025/26,235,178,57,260087.99999,90.35,21.92,37129,6.33,1.54
Klebsiella sp bacteraemia,Apr,2025/26,57,40,17,260087.99999,21.92,6.54,37129,1.54,0.46
MRSA bacteraemia,Apr,2025/26,9,3,6,260087.99999,3.46,2.31,37129,0.24,0.16
MSSA bacteraemia,Apr,2025/26,71,44,27,260087.99999,27.3,10.38,37129,1.91,0.73
P. aeruginosa bacteraemia,Apr,2025/26,11,8,3,260087.99999,4.23,1.15,37129,0.3,0.08
S. aureus bacteraemia,Apr,2025/26,80,47,33,260087.99999,30.76,12.69,37129,2.15,0.89
C. difficile,Aug,2020/21,104,62,42,269197.71508,38.63,15.6,30117,3.45,1.39
E. coli bacteraemia,Aug,2020/21,179,153,26,269197.71508,66.49,9.66,30117,5.94,0.86
Gram negative bacteraemia,Aug,2020/21,267,216,51,269197.71508,99.18,18.95,30117,8.87,1.69
Klebsiella sp bacteraemia,Aug,2020/21,69,48,21,269197.71508,25.63,7.8,30117,2.29,0.7
MRSA bacteraemia,Aug,2020/21,4,3,1,269197.71508,1.49,0.37,30117,0.13,0.03
MSSA bacteraemia,Aug,2020/21,71,45,26,269197.71508,26.37,9.66,30117,2.36,0.86
P. aeruginosa bacteraemia,Aug,2020/21,19,15,4,269197.71508,7.06,1.49,30117,0.63,0.13
S. aureus bacteraemia,Aug,2020/21,75,48,27,269197.71508,27.86,10.03,30117,2.49,0.9
C. difficile,Aug,2021/22,120,52,68,263747.15068,45.5,25.78,33918,3.54,2.0
E. coli bacteraemia,Aug,2021/22,210,162,48,263747.15068,79.62,18.2,33918,6.19,1.42
Gram negative bacteraemia,Aug,2021/22,275,197,78,263747.15068,104.27,29.57,33918,8.11,2.3
Klebsiella sp bacteraemia,Aug,2021/22,44,24,20,263747.15068,16.68,7.58,33918,1.3,0.59
MRSA bacteraemia,Aug,2021/22,5,4,1,263747.15068,1.9,0.38,33918,0.15,0.03
MSSA bacteraemia,Aug,2021/22,60,37,23,263747.15068,22.75,8.72,33918,1.77,0.68
P. aeruginosa bacteraemia,Aug,2021/22,21,11,10,263747.15068,7.96,3.79,33918,0.62,0.29
S. aureus bacteraemia,Aug,2021/22,65,41,24,263747.15068,24.64,9.1,33918,1.92,0.71
C. difficile,Aug,2022/23,127,63,64,265974.90411,47.75,24.06,33440,3.8,1.91
E. coli bacteraemia,Aug,2022/23,207,147,60,265974.90411,77.83,22.56,33440,6.19,1.79
Gram negative bacteraemia,Aug,2022/23,303,202,101,265974.90411,113.92,37.97,33440,9.06,3.02
Klebsiella sp bacteraemia,Aug,2022/23,75,43,32,265974.90411,28.2,12.03,33440,2.24,0.96
MRSA bacteraemia,Aug,2022/23,2,1,1,265974.90411,0.75,0.38,33440,0.06,0.03
MSSA bacteraemia,Aug,2022/23,60,40,20,265974.90411,22.56,7.52,33440,1.79,0.6
P. aeruginosa bacteraemia,Aug,2022/23,21,12,9,265974.90411,7.9,3.38,33440,0.63,0.27
S. aureus bacteraemia,Aug,2022/23,62,41,21,265974.90411,23.31,7.9,33440,1.85,0.63
C. difficile,Aug,2023/24,90,43,47,268757.60001,33.49,17.49,37955,2.37,1.24
E. coli bacteraemia,Aug,2023/24,188,156,32,268757.60001,69.95,11.91,37955,4.95,0.84
Gram negative bacteraemia,Aug,2023/24,255,206,49,268757.60001,94.88,18.23,37955,6.72,1.29
Klebsiella sp bacteraemia,Aug,2023/24,56,44,12,268757.60001,20.84,4.46,37955,1.48,0.32
MRSA bacteraemia,Aug,2023/24,4,3,1,268757.60001,1.49,0.37,37955,0.11,0.03
MSSA bacteraemia,Aug,2023/24,61,49,12,268757.60001,22.7,4.46,37955,1.61,0.32
P. aeruginosa bacteraemia,Aug,2023/24,11,6,5,268757.60001,4.09,1.86,37955,0.29,0.13
S. aureus bacteraemia,Aug,2023/24,65,52,13,268757.60001,24.19,4.84,37955,1.71,0.34
C. difficile,Aug,2024/25,147,78,69,268023.28961,54.85,25.74,36455,4.03,1.89
E. coli bacteraemia,Aug,2024/25,199,160,39,268023.28961,74.25,14.55,36455,5.46,1.07
Gram negative bacteraemia,Aug,2024/25,270,208,62,268023.28961,100.74,23.13,36455,7.41,1.7
Klebsiella sp bacteraemia,Aug,2024/25,57,41,16,268023.28961,21.27,5.97,36455,1.56,0.44
MRSA bacteraemia,Aug,2024/25,5,4,1,268023.28961,1.87,0.37,36455,0.14,0.03
MSSA bacteraemia,Aug,2024/25,92,60,32,268023.28961,34.33,11.94,36455,2.52,0.88
P. aeruginosa bacteraemia,Aug,2024/25,14,7,7,268023.28961,5.22,2.61,36455,0.38,0.19
S. aureus bacteraemia,Aug,2024/25,97,64,33,268023.28961,36.19,12.31,36455,2.66,0.91
C. difficile,Aug,2025/26,113,57,56,268757.60001,42.05,20.84,40542,2.79,1.38
E. coli bacteraemia,Aug,2025/26,170,129,41,268757.60001,63.25,15.26,40542,4.19,1.01
Gram negative bacteraemia,Aug,2025/26,261,189,72,268757.60001,97.11,26.79,40542,6.44,1.78
Klebsiella sp bacteraemia,Aug,2025/26,81,51,30,268757.60001,30.14,11.16,40542,2.0,0.74
MRSA bacteraemia,Aug,2025/26,4,2,2,268757.60001,1.49,0.74,40542,0.1,0.05
MSSA bacteraemia,Aug,2025/26,64,40,24,268757.60001,23.81,8.93,40542,1.58,0.59
P. aeruginosa bacteraemia,Aug,2025/26,10,9,1,268757.60001,3.72,0.37,40542,0.25,0.02
S. aureus bacteraemia,Aug,2025/26,68,42,26,268757.60001,25.3,9.67,40542,1.68,0.64
C. difficile,Dec,2020/21,62,35,27,269197.71508,23.03,10.03,28597,2.17,0.94
E. coli bacteraemia,Dec,2020/21,136,93,43,269197.71508,50.52,15.97,28597,4.76,1.5
Gram negative bacteraemia,Dec,2020/21,204,124,80,269197.71508,75.78,29.72,28597,7.13,2.8
Klebsiella sp bacteraemia,Dec,2020/21,59,26,33,269197.71508,21.92,12.26,28597,2.06,1.15
MRSA bacteraemia,Dec,2020/21,3,0,3,269197.71508,1.11,1.11,28597,0.1,0.1
MSSA bacteraemia,Dec,2020/21,67,41,26,269197.71508,24.89,9.66,28597,2.34,0.91
P. aeruginosa bacteraemia,Dec,2020/21,9,5,4,269197.71508,3.34,1.49,28597,0.31,0.14
S. aureus bacteraemia,Dec,2020/21,70,41,29,269197.71508,26.0,10.77,28597,2.45,1.01
C. difficile,Dec,2021/22,75,31,44,263747.15068,28.44,16.68,32670,2.3,1.35
E. coli bacteraemia,Dec,2021/22,156,109,47,263747.15068,59.15,17.82,32670,4.78,1.44
Gram negative bacteraemia,Dec,2021/22,218,142,76,263747.15068,82.65,28.82,32670,6.67,2.33
Klebsiella sp bacteraemia,Dec,2021/22,50,27,23,263747.15068,18.96,8.72,32670,1.53,0.7
MRSA bacteraemia,Dec,2021/22,4,1,3,263747.15068,1.52,1.14,32670,0.12,0.09
MSSA bacteraemia,Dec,2021/22,70,50,20,263747.15068,26.54,7.58,32670,2.14,0.61
P. aeruginosa bacteraemia,Dec,2021/22,12,6,6,263747.15068,4.55,2.27,32670,0.37,0.18
S. aureus bacteraemia,Dec,2021/22,74,51,23,263747.15068,28.06,8.72,32670,2.27,0.7
C. difficile,Dec,2022/23,83,33,50,265974.90411,31.21,18.8,36993,2.24,1.35
E. coli bacteraemia,Dec,2022/23,148,103,45,265974.90411,55.64,16.92,36993,4.0,1.22
Gram negative bacteraemia,Dec,2022/23,219,149,70,265974.90411,82.34,26.32,36993,5.92,1.89
Klebsiella sp bacteraemia,Dec,2022/23,63,40,23,265974.90411,23.69,8.65,36993,1.7,0.62
MRSA bacteraemia,Dec,2022/23,8,5,3,265974.90411,3.01,1.13,36993,0.22,0.08
MSSA bacteraemia,Dec,2022/23,64,34,30,265974.90411,24.06,11.28,36993,1.73,0.81
P. aeruginosa bacteraemia,Dec,2022/23,8,6,2,265974.90411,3.01,0.75,36993,0.22,0.05
S. aureus bacteraemia,Dec,2022/23,72,39,33,265974.90411,27.07,12.41,36993,1.95,0.89
C. difficile,Dec,2023/24,88,50,38,268757.60001,32.74,14.14,38183,2.3,1.0
E. coli bacteraemia,Dec,2023/24,186,136,50,268757.60001,69.21,18.6,38183,4.87,1.31
Gram negative bacteraemia,Dec,2023/24,267,186,81,268757.60001,99.35,30.14,38183,6.99,2.12
Klebsiella sp bacteraemia,Dec,2023/24,68,44,24,268757.60001,25.3,8.93,38183,1.78,0.63
MRSA bacteraemia,Dec,2023/24,4,1,3,268757.60001,1.49,1.12,38183,0.1,0.08
MSSA bacteraemia,Dec,2023/24,73,55,18,268757.60001,27.16,6.7,38183,1.91,0.47
P. aeruginosa bacteraemia,Dec,2023/24,13,6,7,268757.60001,4.84,2.6,38183,0.34,0.18
S. aureus bacteraemia,Dec,2023/24,77,56,21,268757.60001,28.65,7.81,38183,2.02,0.55
C. difficile,Dec,2024/25,115,49,66,268023.28961,42.91,24.62,37945,3.03,1.74
E. coli bacteraemia,Dec,2024/25,157,114,43,268023.28961,58.58,16.04,37945,4.14,1.13
Gram negative bacteraemia,Dec,2024/25,237,162,75,268023.28961,88.43,27.98,37945,6.25,1.98
Klebsiella sp bacteraemia,Dec,2024/25,66,42,24,268023.28961,24.62,8.95,37945,1.74,0.63
MRSA bacteraemia,Dec,2024/25,7,3,4,268023.28961,2.61,1.49,37945,0.18,0.11
MSSA bacteraemia,Dec,2024/25,60,42,18,268023.28961,22.39,6.72,37945,1.58,0.47
P. aeruginosa bacteraemia,Dec,2024/25,14,6,8,268023.28961,5.22,2.98,37945,0.37,0.21
S. aureus bacteraemia,Dec,2024/25,67,45,22,268023.28961,25.0,8.21,37945,1.77,0.58
C. difficile,Feb,2020/21,67,40,27,243146.32328,27.56,11.1,26855,2.49,1.01
E. coli bacteraemia,Feb,2020/21,120,89,31,243146.32328,49.35,12.75,26855,4.47,1.15
Gram negative bacteraemia,Feb,2020/21,168,115,53,243146.32328,69.09,21.8,26855,6.26,1.97
Klebsiella sp bacteraemia,Feb,2020/21,41,23,18,243146.32328,16.86,7.4,26855,1.53,0.67
MRSA bacteraemia,Feb,2020/21,4,4,0,243146.32328,1.65,0.0,26855,0.15,0.0
MSSA bacteraemia,Feb,2020/21,57,36,21,243146.32328,23.44,8.64,26855,2.12,0.78
P. aeruginosa bacteraemia,Feb,2020/21,7,3,4,243146.32328,2.88,1.65,26855,0.26,0.15
S. aureus bacteraemia,Feb,2020/21,61,40,21,243146.32328,25.09,8.64,26855,2.27,0.78
C. difficile,Feb,2021/22,76,42,34,238223.23287,31.9,14.27,30379,2.5,1.12
E. coli bacteraemia,Feb,2021/22,164,117,47,238223.23287,68.84,19.73,30379,5.4,1.55
Gram negative bacteraemia,Feb,2021/22,226,154,72,238223.23287,94.87,30.22,30379,7.44,2.37
Klebsiella sp bacteraemia,Feb,2021/22,50,31,19,238223.23287,20.99,7.98,30379,1.65,0.63
MRSA bacteraemia,Feb,2021/22,3,0,3,238223.23287,1.26,1.26,30379,0.1,0.1
MSSA bacteraemia,Feb,2021/22,53,38,15,238223.23287,22.25,6.3,30379,1.74,0.49
P. aeruginosa bacteraemia,Feb,2021/22,12,6,6,238223.23287,5.04,2.52,30379,0.4,0.2
S. aureus bacteraemia,Feb,2021/22,56,38,18,238223.23287,23.51,7.56,30379,1.84,0.59
C. difficile,Feb,2022/23,80,33,47,240235.39725,33.3,19.56,33824,2.37,1.39
E. coli bacteraemia,Feb,2022/23,159,125,34,240235.39725,66.19,14.15,33824,4.7,1.01
Gram negative bacteraemia,Feb,2022/23,228,164,64,240235.39725,94.91,26.64,33824,6.74,1.89
Klebsiella sp bacteraemia,Feb,2022/23,50,31,19,240235.39725,20.81,7.91,33824,1.48,0.56
MRSA bacteraemia,Feb,2022/23,4,2,2,240235.39725,1.67,0.83,33824,0.12,0.06
MSSA bacteraemia,Feb,2022/23,56,36,20,240235.39725,23.31,8.33,33824,1.66,0.59
P. aeruginosa bacteraemia,Feb,2022/23,19,8,11,240235.39725,7.91,4.58,33824,0.56,0.33
S. aureus bacteraemia,Feb,2022/23,60,38,22,240235.39725,24.98,9.16,33824,1.77,0.65
C. difficile,Feb,2023/24,114,56,58,242748.80002,46.96,23.89,37431,3.05,1.55
E. coli bacteraemia,Feb,2023/24,168,129,39,242748.80002,69.21,16.07,37431,4.49,1.04
Gram negative bacteraemia,Feb,2023/24,230,174,56,242748.80002,94.75,23.07,37431,6.14,1.5
Klebsiella sp bacteraemia,Feb,2023/24,57,41,16,242748.80002,23.48,6.59,37431,1.52,0.43
MRSA bacteraemia,Feb,2023/24,5,5,0,242748.80002,2.06,0.0,37431,0.13,0.0
MSSA bacteraemia,Feb,2023/24,49,26,23,242748.80002,20.19,9.47,37431,1.31,0.61
P. aeruginosa bacteraemia,Feb,2023/24,5,4,1,242748.80002,2.06,0.41,37431,0.13,0.03
S. aureus bacteraemia,Feb,2023/24,54,31,23,242748.80002,22.25,9.47,37431,1.44,0.61
C. difficile,Feb,2024/25,84,41,43,250731.46447,33.5,17.15,35411,2.37,1.21
E. coli bacteraemia,Feb,2024/25,178,129,49,250731.46447,70.99,19.54,35411,5.03,1.38
Gram negative bacteraemia,Feb,2024/25,234,168,66,250731.46447,93.33,26.32,35411,6.61,1.86
Klebsiella sp bacteraemia,Feb,2024/25,44,32,12,250731.46447,17.55,4.79,35411,1.24,0.34
MRSA bacteraemia,Feb,2024/25,11,4,7,250731.46447,4.39,2.79,35411,0.31,0.2
MSSA bacteraemia,Feb,2024/25,67,41,26,250731.46447,26.72,10.37,35411,1.89,0.73
P. aeruginosa bacteraemia,Feb,2024/25,12,7,5,250731.46447,4.79,1.99,35411,0.34,0.14
S. aureus bacteraemia,Feb,2024/25,78,45,33,250731.46447,31.11,13.16,35411,2.2,0.93
C. difficile,Jan,2020/21,56,23,33,269197.71508,20.8,12.26,27268,2.05,1.21
E. coli bacteraemia,Jan,2020/21,145,104,41,269197.71508,53.86,15.23,27268,5.32,1.5
Gram negative bacteraemia,Jan,2020/21,225,132,93,269197.71508,83.58,34.55,27268,8.25,3.41
Klebsiella sp bacteraemia,Jan,2020/21,70,22,48,269197.71508,26.0,17.83,27268,2.57,1.76
MRSA bacteraemia,Jan,2020/21,5,2,3,269197.71508,1.86,1.11,27268,0.18,0.11
MSSA bacteraemia,Jan,2020/21,70,37,33,269197.71508,26.0,12.26,27268,2.57,1.21
P. aeruginosa bacteraemia,Jan,2020/21,10,6,4,269197.71508,3.71,1.49,27268,0.37,0.15
S. aureus bacteraemia,Jan,2020/21,75,39,36,269197.71508,27.86,13.37,27268,2.75,1.32
C. difficile,Jan,2021/22,60,29,31,263747.15068,22.75,11.75,31943,1.88,0.97
E. coli bacteraemia,Jan,2021/22,153,111,42,263747.15068,58.01,15.92,31943,4.79,1.31
Gram negative bacteraemia,Jan,2021/22,203,137,66,263747.15068,76.97,25.02,31943,6.36,2.07
Klebsiella sp bacteraemia,Jan,2021/22,40,20,20,263747.15068,15.17,7.58,31943,1.25,0.63
MRSA bacteraemia,Jan,2021/22,3,3,0,263747.15068,1.14,0.0,31943,0.09,0.0
MSSA bacteraemia,Jan,2021/22,73,47,26,263747.15068,27.68,9.86,31943,2.29,0.81
P. aeruginosa bacteraemia,Jan,2021/22,10,6,4,263747.15068,3.79,1.52,31943,0.31,0.13
S. aureus bacteraemia,Jan,2021/22,76,50,26,263747.15068,28.82,9.86,31943,2.38,0.81
C. difficile,Jan,2022/23,101,49,52,265974.90411,37.97,19.55,35612,2.84,1.46
E. coli bacteraemia,Jan,2022/23,165,112,53,265974.90411,62.04,19.93,35612,4.63,1.49
Gram negative bacteraemia,Jan,2022/23,234,150,84,265974.90411,87.98,31.58,35612,6.57,2.36
Klebsiella sp bacteraemia,Jan,2022/23,58,31,27,265974.90411,21.81,10.15,35612,1.63,0.76
MRSA bacteraemia,Jan,2022/23,8,5,3,265974.90411,3.01,1.13,35612,0.22,0.08
MSSA bacteraemia,Jan,2022/23,68,35,33,265974.90411,25.57,12.41,35612,1.91,0.93
P. aeruginosa bacteraemia,Jan,2022/23,11,7,4,265974.90411,4.14,1.5,35612,0.31,0.11
S. aureus bacteraemia,Jan,2022/23,76,40,36,265974.90411,28.57,13.54,35612,2.13,1.01
C. difficile,Jan,2023/24,104,51,53,268757.60001,38.7,19.72,39432,2.64,1.34
E. coli bacteraemia,Jan,2023/24,167,132,35,268757.60001,62.14,13.02,39432,4.24,0.89
Gram negative bacteraemia,Jan,2023/24,239,181,58,268757.60001,88.93,21.58,39432,6.06,1.47
Klebsiella sp bacteraemia,Jan,2023/24,59,41,18,268757.60001,21.95,6.7,39432,1.5,0.46
MRSA bacteraemia,Jan,2023/24,6,5,1,268757.60001,2.23,0.37,39432,0.15,0.03
MSSA bacteraemia,Jan,2023/24,80,54,26,268757.60001,29.77,9.67,39432,2.03,0.66
P. aeruginosa bacteraemia,Jan,2023/24,13,8,5,268757.60001,4.84,1.86,39432,0.33,0.13
S. aureus bacteraemia,Jan,2023/24,86,59,27,268757.60001,32.0,10.05,39432,2.18,0.68
C. difficile,Jan,2024/25,112,46,66,268023.28961,41.79,24.62,38118,2.94,1.73
E. coli bacteraemia,Jan,2024/25,181,136,45,268023.28961,67.53,16.79,38118,4.75,1.18
Gram negative bacteraemia,Jan,2024/25,245,168,77,268023.28961,91.41,28.73,38118,6.43,2.02
Klebsiella sp bacteraemia,Jan,2024/25,55,28,27,268023.28961,20.52,10.07,38118,1.44,0.71
MRSA bacteraemia,Jan,2024/25,10,7,3,268023.28961,3.73,1.12,38118,0.26,0.08
MSSA bacteraemia,Jan,2024/25,77,49,28,268023.28961,28.73,10.45,38118,2.02,0.73
P. aeruginosa bacteraemia,Jan,2024/25,9,4,5,268023.28961,3.36,1.87,38118,0.24,0.13
S. aureus bacteraemia,Jan,2024/25,87,56,31,268023.28961,32.46,11.57,38118,2.28,0.81
C. difficile,Jul,2020/21,75,37,38,269197.71508,27.86,14.12,29879,2.51,1.27
E. coli bacteraemia,Jul,2020/21,209,164,45,269197.71508,77.64,16.72,29879,6.99,1.51
Gram negative bacteraemia,Jul,2020/21,270,196,74,269197.71508,100.3,27.49,29879,9.04,2.48
Klebsiella sp bacteraemia,Jul,2020/21,45,25,20,269197.71508,16.72,7.43,29879,1.51,0.67
MRSA bacteraemia,Jul,2020/21,4,2,2,269197.71508,1.49,0.74,29879,0.13,0.07
MSSA bacteraemia,Jul,2020/21,63,41,22,269197.71508,23.4,8.17,29879,2.11,0.74
P. aeruginosa bacteraemia,Jul,2020/21,16,7,9,269197.71508,5.94,3.34,29879,0.54,0.3
S. aureus bacteraemia,Jul,2020/21,67,43,24,269197.71508,24.89,8.92,29879,2.24,0.8
C. difficile,Jul,2021/22,114,58,56,263747.15068,43.22,21.23,35906,3.17,1.56
E. coli bacteraemia,Jul,2021/22,196,147,49,263747.15068,74.31,18.58,35906,5.46,1.36
Gram negative bacteraemia,Jul,2021/22,263,193,70,263747.15068,99.72,26.54,35906,7.32,1.95
Klebsiella sp bacteraemia,Jul,2021/22,54,36,18,263747.15068,20.47,6.82,35906,1.5,0.5
MRSA bacteraemia,Jul,2021/22,6,3,3,263747.15068,2.27,1.14,35906,0.17,0.08
MSSA bacteraemia,Jul,2021/22,65,40,25,263747.15068,24.64,9.48,35906,1.81,0.7
P. aeruginosa bacteraemia,Jul,2021/22,13,10,3,263747.15068,4.93,1.14,35906,0.36,0.08
S. aureus bacteraemia,Jul,2021/22,71,43,28,263747.15068,26.92,10.62,35906,1.98,0.78
C. difficile,Jul,2022/23,118,57,61,265974.90411,44.37,22.93,34183,3.45,1.78
E. coli bacteraemia,Jul,2022/23,187,138,49,265974.90411,70.31,18.42,34183,5.47,1.43
Gram negative bacteraemia,Jul,2022/23,249,176,73,265974.90411,93.62,27.45,34183,7.28,2.14
Klebsiella sp bacteraemia,Jul,2022/23,51,33,18,265974.90411,19.17,6.77,34183,1.49,0.53
MRSA bacteraemia,Jul,2022/23,6,3,3,265974.90411,2.26,1.13,34183,0.18,0.09
MSSA bacteraemia,Jul,2022/23,68,41,27,265974.90411,25.57,10.15,34183,1.99,0.79
P. aeruginosa bacteraemia,Jul,2022/23,11,5,6,265974.90411,4.14,2.26,34183,0.32,0.18
S. aureus bacteraemia,Jul,2022/23,74,44,30,265974.90411,27.82,11.28,34183,2.16,0.88
C. difficile,Jul,2023/24,89,46,43,268757.60001,33.12,16.0,38275,2.33,1.12
E. coli bacteraemia,Jul,2023/24,197,154,43,268757.60001,73.3,16.0,38275,5.15,1.12
Gram negative bacteraemia,Jul,2023/24,267,201,66,268757.60001,99.35,24.56,38275,6.98,1.72
Klebsiella sp bacteraemia,Jul,2023/24,57,40,17,268757.60001,21.21,6.33,38275,1.49,0.44
MRSA bacteraemia,Jul,2023/24,7,4,3,268757.60001,2.6,1.12,38275,0.18,0.08
MSSA bacteraemia,Jul,2023/24,63,51,12,268757.60001,23.44,4.46,38275,1.65,0.31
P. aeruginosa bacteraemia,Jul,2023/24,13,7,6,268757.60001,4.84,2.23,38275,0.34,0.16
S. aureus bacteraemia,Jul,2023/24,70,55,15,268757.60001,26.05,5.58,38275,1.83,0.39
C. difficile,Jul,2024/25,137,83,54,268023.28961,51.11,20.15,39685,3.45,1.36
E. coli bacteraemia,Jul,2024/25,185,141,44,268023.28961,69.02,16.42,39685,4.66,1.11
Gram negative bacteraemia,Jul,2024/25,270,193,77,268023.28961,100.74,28.73,39685,6.8,1.94
Klebsiella sp bacteraemia,Jul,2024/25,71,46,25,268023.28961,26.49,9.33,39685,1.79,0.63
MRSA bacteraemia,Jul,2024/25,10,6,4,268023.28961,3.73,1.49,39685,0.25,0.1
MSSA bacteraemia,Jul,2024/25,72,51,21,268023.28961,26.86,7.84,39685,1.81,0.53
P. aeruginosa bacteraemia,Jul,2024/25,14,6,8,268023.28961,5.22,2.98,39685,0.35,0.2
S. aureus bacteraemia,Jul,2024/25,82,57,25,268023.28961,30.59,9.33,39685,2.07,0.63
C. difficile,Jul,2025/26,121,72,49,268757.60001,45.02,18.23,40542,2.98,1.21
E. coli bacteraemia,Jul,2025/26,196,148,48,268757.60001,72.93,17.86,40542,4.83,1.18
Gram negative bacteraemia,Jul,2025/26,285,201,84,268757.60001,106.04,31.25,40542,7.03,2.07
Klebsiella sp bacteraemia,Jul,2025/26,76,45,31,268757.60001,28.28,11.53,40542,1.87,0.76
MRSA bacteraemia,Jul,2025/26,3,1,2,268757.60001,1.12,0.74,40542,0.07,0.05
MSSA bacteraemia,Jul,2025/26,74,46,28,268757.60001,27.53,10.42,40542,1.83,0.69
P. aeruginosa bacteraemia,Jul,2025/26,13,8,5,268757.60001,4.84,1.86,40542,0.32,0.12
S. aureus bacteraemia,Jul,2025/26,77,47,30,268757.60001,28.65,11.16,40542,1.9,0.74
C. difficile,Jun,2020/21,83,47,36,260513.91781,31.86,13.82,26491,3.13,1.36
E. coli bacteraemia,Jun,2020/21,158,129,29,260513.91781,60.65,11.13,26491,5.96,1.09
Gram negative bacteraemia,Jun,2020/21,216,165,51,260513.91781,82.91,19.58,26491,8.15,1.93
Klebsiella sp bacteraemia,Jun,2020/21,45,27,18,260513.91781,17.27,6.91,26491,1.7,0.68
MRSA bacteraemia,Jun,2020/21,4,1,3,260513.91781,1.54,1.15,26491,0.15,0.11
MSSA bacteraemia,Jun,2020/21,55,33,22,260513.91781,21.11,8.44,26491,2.08,0.83
P. aeruginosa bacteraemia,Jun,2020/21,13,9,4,260513.91781,4.99,1.54,26491,0.49,0.15
S. aureus bacteraemia,Jun,2020/21,59,34,25,260513.91781,22.65,9.6,26491,2.23,0.94
C. difficile,Jun,2021/22,106,48,58,255239.17808,41.53,22.72,36280,2.92,1.6
E. coli bacteraemia,Jun,2021/22,194,156,38,255239.17808,76.01,14.89,36280,5.35,1.05
Gram negative bacteraemia,Jun,2021/22,262,199,63,255239.17808,102.65,24.68,36280,7.22,1.74
Klebsiella sp bacteraemia,Jun,2021/22,57,38,19,255239.17808,22.33,7.44,36280,1.57,0.52
MRSA bacteraemia,Jun,2021/22,1,0,1,255239.17808,0.39,0.39,36280,0.03,0.03
MSSA bacteraemia,Jun,2021/22,61,39,22,255239.17808,23.9,8.62,36280,1.68,0.61
P. aeruginosa bacteraemia,Jun,2021/22,11,5,6,255239.17808,4.31,2.35,36280,0.3,0.17
S. aureus bacteraemia,Jun,2021/22,62,39,23,255239.17808,24.29,9.01,36280,1.71,0.63
C. difficile,Jun,2022/23,91,53,38,257395.06849,35.35,14.76,33738,2.7,1.13
E. coli bacteraemia,Jun,2022/23,170,121,49,257395.06849,66.05,19.04,33738,5.04,1.45
Gram negative bacteraemia,Jun,2022/23,242,158,84,257395.06849,94.02,32.63,33738,7.17,2.49
Klebsiella sp bacteraemia,Jun,2022/23,48,26,22,257395.06849,18.65,8.55,33738,1.42,0.65
MRSA bacteraemia,Jun,2022/23,11,5,6,257395.06849,4.27,2.33,33738,0.33,0.18
MSSA bacteraemia,Jun,2022/23,71,46,25,257395.06849,27.58,9.71,33738,2.1,0.74
P. aeruginosa bacteraemia,Jun,2022/23,24,11,13,257395.06849,9.32,5.05,33738,0.71,0.39
S. aureus bacteraemia,Jun,2022/23,82,51,31,257395.06849,31.86,12.04,33738,2.43,0.92
C. difficile,Jun,2023/24,84,53,31,260087.99999,32.3,11.92,37560,2.24,0.83
E. coli bacteraemia,Jun,2023/24,205,152,53,260087.99999,78.82,20.38,37560,5.46,1.41
Gram negative bacteraemia,Jun,2023/24,268,198,70,260087.99999,103.04,26.91,37560,7.14,1.86
Klebsiella sp bacteraemia,Jun,2023/24,51,35,16,260087.99999,19.61,6.15,37560,1.36,0.43
MRSA bacteraemia,Jun,2023/24,3,1,2,260087.99999,1.15,0.77,37560,0.08,0.05
MSSA bacteraemia,Jun,2023/24,86,63,23,260087.99999,33.07,8.84,37560,2.29,0.61
P. aeruginosa bacteraemia,Jun,2023/24,12,11,1,260087.99999,4.61,0.38,37560,0.32,0.03
S. aureus bacteraemia,Jun,2023/24,89,64,25,260087.99999,34.22,9.61,37560,2.37,0.67
C. difficile,Jun,2024/25,129,67,62,259377.37705,49.73,23.9,37224,3.47,1.67
E. coli bacteraemia,Jun,2024/25,162,137,25,259377.37705,62.46,9.64,37224,4.35,0.67
Gram negative bacteraemia,Jun,2024/25,234,181,53,259377.37705,90.22,20.43,37224,6.29,1.42
Klebsiella sp bacteraemia,Jun,2024/25,59,37,22,259377.37705,22.75,8.48,37224,1.58,0.59
MRSA bacteraemia,Jun,2024/25,4,4,0,259377.37705,1.54,0.0,37224,0.11,0.0
MSSA bacteraemia,Jun,2024/25,70,46,24,259377.37705,26.99,9.25,37224,1.88,0.64
P. aeruginosa bacteraemia,Jun,2024/25,13,7,6,259377.37705,5.01,2.31,37224,0.35,0.16
S. aureus bacteraemia,Jun,2024/25,74,50,24,259377.37705,28.53,9.25,37224,1.99,0.64
C. difficile,Jun,2025/26,112,61,51,260087.99999,43.06,19.61,39010,2.87,1.31
E. coli bacteraemia,Jun,2025/26,176,125,51,260087.99999,67.67,19.61,39010,4.51,1.31
Gram negative bacteraemia,Jun,2025/26,248,173,75,260087.99999,95.35,28.84,39010,6.36,1.92
Klebsiella sp bacteraemia,Jun,2025/26,58,40,18,260087.99999,22.3,6.92,39010,1.49,0.46
MRSA bacteraemia,Jun,2025/26,6,4,2,260087.99999,2.31,0.77,39010,0.15,0.05
MSSA bacteraemia,Jun,2025/26,65,47,18,260087.99999,24.99,6.92,39010,1.67,0.46
P. aeruginosa bacteraemia,Jun,2025/26,14,8,6,260087.99999,5.38,2.31,39010,0.36,0.15
S. aureus bacteraemia,Jun,2025/26,71,51,20,260087.99999,27.3,7.69,39010,1.82,0.51
C. difficile,Mar,2020/21,77,55,22,269197.71508,28.6,8.17,33587,2.29,0.66
E. coli bacteraemia,Mar,2020/21,180,140,40,269197.71508,66.87,14.86,33587,5.36,1.19
Gram negative bacteraemia,Mar,2020/21,256,188,68,269197.71508,95.1,25.26,33587,7.62,2.02
Klebsiella sp bacteraemia,Mar,2020/21,69,43,26,269197.71508,25.63,9.66,33587,2.05,0.77
MRSA bacteraemia,Mar,2020/21,3,2,1,269197.71508,1.11,0.37,33587,0.09,0.03
MSSA bacteraemia,Mar,2020/21,65,46,19,269197.71508,24.15,7.06,33587,1.94,0.57
P. aeruginosa bacteraemia,Mar,2020/21,7,5,2,269197.71508,2.6,0.74,33587,0.21,0.06
S. aureus bacteraemia,Mar,2020/21,68,48,20,269197.71508,25.26,7.43,33587,2.02,0.6
C. difficile,Mar,2021/22,91,45,46,263747.15068,34.5,17.44,34551,2.63,1.33
E. coli bacteraemia,Mar,2021/22,159,128,31,263747.15068,60.29,11.75,34551,4.6,0.9
Gram negative bacteraemia,Mar,2021/22,228,173,55,263747.15068,86.45,20.85,34551,6.6,1.59
Klebsiella sp bacteraemia,Mar,2021/22,57,37,20,263747.15068,21.61,7.58,34551,1.65,0.58
MRSA bacteraemia,Mar,2021/22,5,2,3,263747.15068,1.9,1.14,34551,0.14,0.09
MSSA bacteraemia,Mar,2021/22,70,52,18,263747.15068,26.54,6.82,34551,2.03,0.52
P. aeruginosa bacteraemia,Mar,2021/22,12,8,4,263747.15068,4.55,1.52,34551,0.35,0.12
S. aureus bacteraemia,Mar,2021/22,75,54,21,263747.15068,28.44,7.96,34551,2.17,0.61
C. difficile,Mar,2022/23,106,60,46,265974.90411,39.85,17.29,38377,2.76,1.2
E. coli bacteraemia,Mar,2022/23,179,122,57,265974.90411,67.3,21.43,38377,4.66,1.49
Gram negative bacteraemia,Mar,2022/23,263,168,95,265974.90411,98.88,35.72,38377,6.85,2.48
Klebsiella sp bacteraemia,Mar,2022/23,67,38,29,265974.90411,25.19,10.9,38377,1.75,0.76
MRSA bacteraemia,Mar,2022/23,7,4,3,265974.90411,2.63,1.13,38377,0.18,0.08
MSSA bacteraemia,Mar,2022/23,70,51,19,265974.90411,26.32,7.14,38377,1.82,0.5
P. aeruginosa bacteraemia,Mar,2022/23,17,8,9,265974.90411,6.39,3.38,38377,0.44,0.23
S. aureus bacteraemia,Mar,2022/23,77,55,22,265974.90411,28.95,8.27,38377,2.01,0.57
C. difficile,Mar,2023/24,106,50,56,268757.60001,39.44,20.84,39121,2.71,1.43
E. coli bacteraemia,Mar,2023/24,157,117,40,268757.60001,58.42,14.88,39121,4.01,1.02
Gram negative bacteraemia,Mar,2023/24,216,158,58,268757.60001,80.37,21.58,39121,5.52,1.48
Klebsiella sp bacteraemia,Mar,2023/24,50,34,16,268757.60001,18.6,5.95,39121,1.28,0.41
MRSA bacteraemia,Mar,2023/24,5,3,2,268757.60001,1.86,0.74,39121,0.13,0.05
MSSA bacteraemia,Mar,2023/24,61,46,15,268757.60001,22.7,5.58,39121,1.56,0.38
P. aeruginosa bacteraemia,Mar,2023/24,9,7,2,268757.60001,3.35,0.74,39121,0.23,0.05
S. aureus bacteraemia,Mar,2023/24,66,49,17,268757.60001,24.56,6.33,39121,1.69,0.43
C. difficile,Mar,2024/25,118,60,58,268023.28961,44.03,21.64,39252,3.01,1.48
E. coli bacteraemia,Mar,2024/25,204,154,50,268023.28961,76.11,18.66,39252,5.2,1.27
Gram negative bacteraemia,Mar,2024/25,274,201,73,268023.28961,102.23,27.24,39252,6.98,1.86
Klebsiella sp bacteraemia,Mar,2024/25,53,36,17,268023.28961,19.77,6.34,39252,1.35,0.43
MRSA bacteraemia,Mar,2024/25,6,2,4,268023.28961,2.24,1.49,39252,0.15,0.1
MSSA bacteraemia,Mar,2024/25,73,55,18,268023.28961,27.24,6.72,39252,1.86,0.46
P. aeruginosa bacteraemia,Mar,2024/25,17,11,6,268023.28961,6.34,2.24,39252,0.43,0.15
S. aureus bacteraemia,Mar,2024/25,79,57,22,268023.28961,29.48,8.21,39252,2.01,0.56
C. difficile,May,2020/21,76,56,20,269197.71508,28.23,7.43,23972,3.17,0.83
E. coli bacteraemia,May,2020/21,143,112,31,269197.71508,53.12,11.52,23972,5.97,1.29
Gram negative bacteraemia,May,2020/21,198,146,52,269197.71508,73.55,19.32,23972,8.26,2.17
Klebsiella sp bacteraemia,May,2020/21,42,24,18,269197.71508,15.6,6.69,23972,1.75,0.75
MRSA bacteraemia,May,2020/21,3,3,0,269197.71508,1.11,0.0,23972,0.13,0.0
MSSA bacteraemia,May,2020/21,49,32,17,269197.71508,18.2,6.32,23972,2.04,0.71
P. aeruginosa bacteraemia,May,2020/21,13,10,3,269197.71508,4.83,1.11,23972,0.54,0.13
S. aureus bacteraemia,May,2020/21,52,35,17,269197.71508,19.32,6.32,23972,2.17,0.71
C. difficile,May,2021/22,72,41,31,263747.15068,27.3,11.75,34837,2.07,0.89
E. coli bacteraemia,May,2021/22,186,141,45,263747.15068,70.52,17.06,34837,5.34,1.29
Gram negative bacteraemia,May,2021/22,259,185,74,263747.15068,98.2,28.06,34837,7.43,2.12
Klebsiella sp bacteraemia,May,2021/22,57,34,23,263747.15068,21.61,8.72,34837,1.64,0.66
MRSA bacteraemia,May,2021/22,4,3,1,263747.15068,1.52,0.38,34837,0.11,0.03
MSSA bacteraemia,May,2021/22,68,53,15,263747.15068,25.78,5.69,34837,1.95,0.43
P. aeruginosa bacteraemia,May,2021/22,16,10,6,263747.15068,6.07,2.27,34837,0.46,0.17
S. aureus bacteraemia,May,2021/22,72,56,16,263747.15068,27.3,6.07,34837,2.07,0.46
C. difficile,May,2022/23,79,32,47,265974.90411,29.7,17.67,35011,2.26,1.34
E. coli bacteraemia,May,2022/23,168,118,50,265974.90411,63.16,18.8,35011,4.8,1.43
Gram negative bacteraemia,May,2022/23,235,155,80,265974.90411,88.35,30.08,35011,6.71,2.28
Klebsiella sp bacteraemia,May,2022/23,51,29,22,265974.90411,19.17,8.27,35011,1.46,0.63
MRSA bacteraemia,May,2022/23,6,4,2,265974.90411,2.26,0.75,35011,0.17,0.06
MSSA bacteraemia,May,2022/23,81,46,35,265974.90411,30.45,13.16,35011,2.31,1.0
P. aeruginosa bacteraemia,May,2022/23,16,8,8,265974.90411,6.02,3.01,35011,0.46,0.23
S. aureus bacteraemia,May,2022/23,87,50,37,265974.90411,32.71,13.91,35011,2.48,1.06
C. difficile,May,2023/24,99,50,49,268757.60001,36.84,18.23,37634,2.63,1.3
E. coli bacteraemia,May,2023/24,218,153,65,268757.60001,81.11,24.19,37634,5.79,1.73
Gram negative bacteraemia,May,2023/24,297,202,95,268757.60001,110.51,35.35,37634,7.89,2.52
Klebsiella sp bacteraemia,May,2023/24,63,40,23,268757.60001,23.44,8.56,37634,1.67,0.61
MRSA bacteraemia,May,2023/24,5,4,1,268757.60001,1.86,0.37,37634,0.13,0.03
MSSA bacteraemia,May,2023/24,58,39,19,268757.60001,21.58,7.07,37634,1.54,0.5
P. aeruginosa bacteraemia,May,2023/24,16,9,7,268757.60001,5.95,2.6,37634,0.43,0.19
S. aureus bacteraemia,May,2023/24,63,43,20,268757.60001,23.44,7.44,37634,1.67,0.53
C. difficile,May,2024/25,127,84,43,268023.28961,47.38,16.04,39831,3.19,1.08
E. coli bacteraemia,May,2024/25,189,144,45,268023.28961,70.52,16.79,39831,4.75,1.13
Gram negative bacteraemia,May,2024/25,253,188,65,268023.28961,94.39,24.25,39831,6.35,1.63
Klebsiella sp bacteraemia,May,2024/25,51,35,16,268023.28961,19.03,5.97,39831,1.28,0.4
MRSA bacteraemia,May,2024/25,4,2,2,268023.28961,1.49,0.75,39831,0.1,0.05
MSSA bacteraemia,May,2024/25,77,52,25,268023.28961,28.73,9.33,39831,1.93,0.63
P. aeruginosa bacteraemia,May,2024/25,13,9,4,268023.28961,4.85,1.49,39831,0.33,0.1
S. aureus bacteraemia,May,2024/25,81,54,27,268023.28961,30.22,10.07,39831,2.03,0.68
C. difficile,May,2025/26,102,57,45,268757.60001,37.95,16.74,37955,2.69,1.19
E. coli bacteraemia,May,2025/26,187,152,35,268757.60001,69.58,13.02,37955,4.93,0.92
Gram negative bacteraemia,May,2025/26,264,196,68,268757.60001,98.23,25.3,37955,6.96,1.79
Klebsiella sp bacteraemia,May,2025/26,63,37,26,268757.60001,23.44,9.67,37955,1.66,0.69
MRSA bacteraemia,May,2025/26,5,3,2,268757.60001,1.86,0.74,37955,0.13,0.05
MSSA bacteraemia,May,2025/26,69,49,20,268757.60001,25.67,7.44,37955,1.82,0.53
P. aeruginosa bacteraemia,May,2025/26,14,7,7,268757.60001,5.21,2.6,37955,0.37,0.18
S. aureus bacteraemia,May,2025/26,74,52,22,268757.60001,27.53,8.19,37955,1.95,0.58
C. difficile,Nov,2020/21,55,30,25,260513.91781,21.11,9.6,28779,1.91,0.87
E. coli bacteraemia,Nov,2020/21,152,107,45,260513.91781,58.35,17.27,28779,5.28,1.56
Gram negative bacteraemia,Nov,2020/21,216,144,72,260513.91781,82.91,27.64,28779,7.51,2.5
Klebsiella sp bacteraemia,Nov,2020/21,49,29,20,260513.91781,18.81,7.68,28779,1.7,0.69
MRSA bacteraemia,Nov,2020/21,5,3,2,260513.91781,1.92,0.77,28779,0.17,0.07
MSSA bacteraemia,Nov,2020/21,65,43,22,260513.91781,24.95,8.44,28779,2.26,0.76
P. aeruginosa bacteraemia,Nov,2020/21,15,8,7,260513.91781,5.76,2.69,28779,0.52,0.24
S. aureus bacteraemia,Nov,2020/21,70,46,24,260513.91781,26.87,9.21,28779,2.43,0.83
C. difficile,Nov,2021/22,100,53,47,255239.17808,39.18,18.41,34959,2.86,1.34
E. coli bacteraemia,Nov,2021/22,166,120,46,255239.17808,65.04,18.02,34959,4.75,1.32
Gram negative bacteraemia,Nov,2021/22,239,163,76,255239.17808,93.64,29.78,34959,6.84,2.17
Klebsiella sp bacteraemia,Nov,2021/22,51,32,19,255239.17808,19.98,7.44,34959,1.46,0.54
MRSA bacteraemia,Nov,2021/22,7,5,2,255239.17808,2.74,0.78,34959,0.2,0.06
MSSA bacteraemia,Nov,2021/22,55,34,21,255239.17808,21.55,8.23,34959,1.57,0.6
P. aeruginosa bacteraemia,Nov,2021/22,22,11,11,255239.17808,8.62,4.31,34959,0.63,0.31
S. aureus bacteraemia,Nov,2021/22,62,39,23,255239.17808,24.29,9.01,34959,1.77,0.66
C. difficile,Nov,2022/23,88,45,43,257395.06849,34.19,16.71,36835,2.39,1.17
E. coli bacteraemia,Nov,2022/23,180,133,47,257395.06849,69.93,18.26,36835,4.89,1.28
Gram negative bacteraemia,Nov,2022/23,270,184,86,257395.06849,104.9,33.41,36835,7.33,2.33
Klebsiella sp bacteraemia,Nov,2022/23,70,40,30,257395.06849,27.2,11.66,36835,1.9,0.81
MRSA bacteraemia,Nov,2022/23,4,2,2,257395.06849,1.55,0.78,36835,0.11,0.05
MSSA bacteraemia,Nov,2022/23,50,35,15,257395.06849,19.43,5.83,36835,1.36,0.41
P. aeruginosa bacteraemia,Nov,2022/23,20,11,9,257395.06849,7.77,3.5,36835,0.54,0.24
S. aureus bacteraemia,Nov,2022/23,54,37,17,257395.06849,20.98,6.6,36835,1.47,0.46
C. difficile,Nov,2023/24,118,59,59,260087.99999,45.37,22.68,40391,2.92,1.46
E. coli bacteraemia,Nov,2023/24,229,175,54,260087.99999,88.05,20.76,40391,5.67,1.34
Gram negative bacteraemia,Nov,2023/24,305,229,76,260087.99999,117.27,29.22,40391,7.55,1.88
Klebsiella sp bacteraemia,Nov,2023/24,68,48,20,260087.99999,26.14,7.69,40391,1.68,0.5
MRSA bacteraemia,Nov,2023/24,7,5,2,260087.99999,2.69,0.77,40391,0.17,0.05
MSSA bacteraemia,Nov,2023/24,81,58,23,260087.99999,31.14,8.84,40391,2.01,0.57
P. aeruginosa bacteraemia,Nov,2023/24,8,6,2,260087.99999,3.08,0.77,40391,0.2,0.05
S. aureus bacteraemia,Nov,2023/24,88,63,25,260087.99999,33.83,9.61,40391,2.18,0.62
C. difficile,Nov,2024/25,129,59,70,259377.37705,49.73,26.99,39071,3.3,1.79
E. coli bacteraemia,Nov,2024/25,184,143,41,259377.37705,70.94,15.81,39071,4.71,1.05
Gram negative bacteraemia,Nov,2024/25,264,201,63,259377.37705,101.78,24.29,39071,6.76,1.61
Klebsiella sp bacteraemia,Nov,2024/25,60,48,12,259377.37705,23.13,4.63,39071,1.54,0.31
MRSA bacteraemia,Nov,2024/25,6,2,4,259377.37705,2.31,1.54,39071,0.15,0.1
MSSA bacteraemia,Nov,2024/25,74,50,24,259377.37705,28.53,9.25,39071,1.89,0.61
P. aeruginosa bacteraemia,Nov,2024/25,20,10,10,259377.37705,7.71,3.86,39071,0.51,0.26
S. aureus bacteraemia,Nov,2024/25,80,52,28,259377.37705,30.84,10.8,39071,2.05,0.72
C. difficile,Oct,2020/21,66,34,32,269197.71508,24.52,11.89,29859,2.21,1.07
E. coli bacteraemia,Oct,2020/21,157,113,44,269197.71508,58.32,16.34,29859,5.26,1.47
Gram negative bacteraemia,Oct,2020/21,218,150,68,269197.71508,80.98,25.26,29859,7.3,2.28
Klebsiella sp bacteraemia,Oct,2020/21,44,24,20,269197.71508,16.34,7.43,29859,1.47,0.67
MRSA bacteraemia,Oct,2020/21,6,2,4,269197.71508,2.23,1.49,29859,0.2,0.13
MSSA bacteraemia,Oct,2020/21,61,40,21,269197.71508,22.66,7.8,29859,2.04,0.7
P. aeruginosa bacteraemia,Oct,2020/21,17,13,4,269197.71508,6.32,1.49,29859,0.57,0.13
S. aureus bacteraemia,Oct,2020/21,67,42,25,269197.71508,24.89,9.29,29859,2.24,0.84
C. difficile,Oct,2021/22,103,51,52,263747.15068,39.05,19.72,34777,2.96,1.5
E. coli bacteraemia,Oct,2021/22,172,120,52,263747.15068,65.21,19.72,34777,4.95,1.5
Gram negative bacteraemia,Oct,2021/22,258,175,83,263747.15068,97.82,31.47,34777,7.42,2.39
Klebsiella sp bacteraemia,Oct,2021/22,64,39,25,263747.15068,24.27,9.48,34777,1.84,0.72
MRSA bacteraemia,Oct,2021/22,10,5,5,263747.15068,3.79,1.9,34777,0.29,0.14
MSSA bacteraemia,Oct,2021/22,68,37,31,263747.15068,25.78,11.75,34777,1.96,0.89
P. aeruginosa bacteraemia,Oct,2021/22,22,16,6,263747.15068,8.34,2.27,34777,0.63,0.17
S. aureus bacteraemia,Oct,2021/22,78,42,36,263747.15068,29.57,13.65,34777,2.24,1.04
C. difficile,Oct,2022/23,108,51,57,265974.90411,40.61,21.43,36196,2.98,1.57
E. coli bacteraemia,Oct,2022/23,183,129,54,265974.90411,68.8,20.3,36196,5.06,1.49
Gram negative bacteraemia,Oct,2022/23,268,180,88,265974.90411,100.76,33.09,36196,7.4,2.43
Klebsiella sp bacteraemia,Oct,2022/23,62,38,24,265974.90411,23.31,9.02,36196,1.71,0.66
MRSA bacteraemia,Oct,2022/23,6,2,4,265974.90411,2.26,1.5,36196,0.17,0.11
MSSA bacteraemia,Oct,2022/23,81,56,25,265974.90411,30.45,9.4,36196,2.24,0.69
P. aeruginosa bacteraemia,Oct,2022/23,23,13,10,265974.90411,8.65,3.76,36196,0.64,0.28
S. aureus bacteraemia,Oct,2022/23,87,58,29,265974.90411,32.71,10.9,36196,2.4,0.8
C. difficile,Oct,2023/24,117,62,55,268757.60001,43.53,20.46,40643,2.88,1.35
E. coli bacteraemia,Oct,2023/24,176,135,41,268757.60001,65.49,15.26,40643,4.33,1.01
Gram negative bacteraemia,Oct,2023/24,270,193,77,268757.60001,100.46,28.65,40643,6.64,1.89
Klebsiella sp bacteraemia,Oct,2023/24,78,47,31,268757.60001,29.02,11.53,40643,1.92,0.76
MRSA bacteraemia,Oct,2023/24,4,1,3,268757.60001,1.49,1.12,40643,0.1,0.07
MSSA bacteraemia,Oct,2023/24,60,37,23,268757.60001,22.32,8.56,40643,1.48,0.57
P. aeruginosa bacteraemia,Oct,2023/24,16,11,5,268757.60001,5.95,1.86,40643,0.39,0.12
S. aureus bacteraemia,Oct,2023/24,64,38,26,268757.60001,23.81,9.67,40643,1.57,0.64
C. difficile,Oct,2024/25,132,70,62,268023.28961,49.25,23.13,40603,3.25,1.53
E. coli bacteraemia,Oct,2024/25,176,135,41,268023.28961,65.67,15.3,40603,4.33,1.01
Gram negative bacteraemia,Oct,2024/25,255,182,73,268023.28961,95.14,27.24,40603,6.28,1.8
Klebsiella sp bacteraemia,Oct,2024/25,66,41,25,268023.28961,24.62,9.33,40603,1.63,0.62
MRSA bacteraemia,Oct,2024/25,3,2,1,268023.28961,1.12,0.37,40603,0.07,0.02
MSSA bacteraemia,Oct,2024/25,80,63,17,268023.28961,29.85,6.34,40603,1.97,0.42
P. aeruginosa bacteraemia,Oct,2024/25,13,6,7,268023.28961,4.85,2.61,40603,0.32,0.17
S. aureus bacteraemia,Oct,2024/25,83,65,18,268023.28961,30.97,6.72,40603,2.04,0.44
C. difficile,Sep,2020/21,101,56,45,260513.91781,38.77,17.27,31024,3.26,1.45
E. coli bacteraemia,Sep,2020/21,185,143,42,260513.91781,71.01,16.12,31024,5.96,1.35
Gram negative bacteraemia,Sep,2020/21,243,175,68,260513.91781,93.28,26.1,31024,7.83,2.19
Klebsiella sp bacteraemia,Sep,2020/21,47,24,23,260513.91781,18.04,8.83,31024,1.51,0.74
MRSA bacteraemia,Sep,2020/21,2,2,0,260513.91781,0.77,0.0,31024,0.06,0.0
MSSA bacteraemia,Sep,2020/21,57,42,15,260513.91781,21.88,5.76,31024,1.84,0.48
P. aeruginosa bacteraemia,Sep,2020/21,11,8,3,260513.91781,4.22,1.15,31024,0.35,0.1
S. aureus bacteraemia,Sep,2020/21,59,44,15,260513.91781,22.65,5.76,31024,1.9,0.48
C. difficile,Sep,2021/22,103,47,56,255239.17808,40.35,21.94,34389,3.0,1.63
E. coli bacteraemia,Sep,2021/22,181,123,58,255239.17808,70.91,22.72,34389,5.26,1.69
Gram negative bacteraemia,Sep,2021/22,253,168,85,255239.17808,99.12,33.3,34389,7.36,2.47
Klebsiella sp bacteraemia,Sep,2021/22,56,35,21,255239.17808,21.94,8.23,34389,1.63,0.61
MRSA bacteraemia,Sep,2021/22,2,2,0,255239.17808,0.78,0.0,34389,0.06,0.0
MSSA bacteraemia,Sep,2021/22,76,49,27,255239.17808,29.78,10.58,34389,2.21,0.79
P. aeruginosa bacteraemia,Sep,2021/22,16,10,6,255239.17808,6.27,2.35,34389,0.47,0.17
S. aureus bacteraemia,Sep,2021/22,78,51,27,255239.17808,30.56,10.58,34389,2.27,0.79
C. difficile,Sep,2022/23,106,53,53,257395.06849,41.18,20.59,33238,3.19,1.59
E. coli bacteraemia,Sep,2022/23,196,137,59,257395.06849,76.15,22.92,33238,5.9,1.78
Gram negative bacteraemia,Sep,2022/23,283,194,89,257395.06849,109.95,34.58,33238,8.51,2.68
Klebsiella sp bacteraemia,Sep,2022/23,73,48,25,257395.06849,28.36,9.71,33238,2.2,0.75
MRSA bacteraemia,Sep,2022/23,6,3,3,257395.06849,2.33,1.17,33238,0.18,0.09
MSSA bacteraemia,Sep,2022/23,63,35,28,257395.06849,24.48,10.88,33238,1.9,0.84
P. aeruginosa bacteraemia,Sep,2022/23,14,9,5,257395.06849,5.44,1.94,33238,0.42,0.15
S. aureus bacteraemia,Sep,2022/23,69,38,31,257395.06849,26.81,12.04,33238,2.08,0.93
C. difficile,Sep,2023/24,123,67,56,260087.99999,47.29,21.53,37556,3.28,1.49
E. coli bacteraemia,Sep,2023/24,202,156,46,260087.99999,77.67,17.69,37556,5.38,1.22
Gram negative bacteraemia,Sep,2023/24,289,206,83,260087.99999,111.12,31.91,37556,7.7,2.21
Klebsiella sp bacteraemia,Sep,2023/24,68,38,30,260087.99999,26.14,11.53,37556,1.81,0.8
MRSA bacteraemia,Sep,2023/24,6,1,5,260087.99999,2.31,1.92,37556,0.16,0.13
MSSA bacteraemia,Sep,2023/24,71,44,27,260087.99999,27.3,10.38,37556,1.89,0.72
P. aeruginosa bacteraemia,Sep,2023/24,19,12,7,260087.99999,7.31,2.69,37556,0.51,0.19
S. aureus bacteraemia,Sep,2023/24,77,45,32,260087.99999,29.61,12.3,37556,2.05,0.85
C. difficile,Sep,2024/25,130,74,56,259377.37705,50.12,21.59,37181,3.5,1.51
E. coli bacteraemia,Sep,2024/25,188,142,46,259377.37705,72.48,17.73,37181,5.06,1.24
Gram negative bacteraemia,Sep,2024/25,270,198,72,259377.37705,104.1,27.76,37181,7.26,1.94
Klebsiella sp bacteraemia,Sep,2024/25,66,45,21,259377.37705,25.45,8.1,37181,1.78,0.56
MRSA bacteraemia,Sep,2024/25,3,3,0,259377.37705,1.16,0.0,37181,0.08,0.0
MSSA bacteraemia,Sep,2024/25,63,43,20,259377.37705,24.29,7.71,37181,1.69,0.54
P. aeruginosa bacteraemia,Sep,2024/25,16,11,5,259377.37705,6.17,1.93,37181,0.43,0.13
S. aureus bacteraemia,Sep,2024/25,66,46,20,259377.37705,25.45,7.71,37181,1.78,0.54
C. difficile,Sep,2025/26,145,88,57,260087.99999,55.75,21.92,40542,3.58,1.41
E. coli bacteraemia,Sep,2025/26,194,147,47,260087.99999,74.59,18.07,40542,4.79,1.16
Gram negative bacteraemia,Sep,2025/26,269,195,74,260087.99999,103.43,28.45,40542,6.64,1.83
Klebsiella sp bacteraemia,Sep,2025/26,60,40,20,260087.99999,23.07,7.69,40542,1.48,0.49
MRSA bacteraemia,Sep,2025/26,5,3,2,260087.99999,1.92,0.77,40542,0.12,0.05
MSSA bacteraemia,Sep,2025/26,57,37,20,260087.99999,21.92,7.69,40542,1.41,0.49
P. aeruginosa bacteraemia,Sep,2025/26,15,8,7,260087.99999,5.77,2.69,40542,0.37,0.17
S. aureus bacteraemia,Sep,2025/26,62,40,22,260087.99999,23.84,8.46,40542,1.53,0.54
